encuestadores;x;y;fecha;estados;municipio;parroquia;genero;edad;educacion;problemas_afecta;cual_otro_problema;resolver_problema;deseo_venezolano;cual_otro_deseo;presos_politicos;cual_otro_preso_politico;liderazgo_pais;dirigente_politico;palabra_definiria;delcy;diosdado;maria_corina;nicolas;bejamin;capriles;guanipa;otro_lider;cual_otro_lider;tres_enero;cual_otra_situacion;imagen;cual_otra_imagen;escuchar_hablar;cual_otro_sentimiento;lider;cual_otra_figura;intencion;independencia;comunidad_internacional;participacion;cual_otro_termino;otro_termino;temas_hablar;opciones_probables;proximos_meses;smid;smuserid;deviceid;ubicación;entiende_problematicas;hechos_tres_enero;id
Jeily Torrado;-668.095.007;10.476.319.200.000.000;2/24/2026;Miranda;Sucre;Petare;Masculino;56-75 años;Primaria;Poder adquisitvo;N/A;Salud, conseguir empleo ;Libertad;N/A;Revisión caso por caso;N/A;Lorenzo Mendoza ;María Corina Machado ;Capaz;No;No;Sí;No;No;No;No;No;N/A;Fue una salida acordada;N/A;Una olla a presión;N/A;Esperanza;N/A;N/A;N/A;Apoyar a Venezuela;No;Solo como mediador;No;N/A;N/A;Salario ;Un cambio de gobierno;Mejorara mucho;3;0;N/A;POINT(-66.8095007 10.476319200000006);;;3
Gisell Briceño;-66.808.765;10.477.125.000.000.000;2/24/2026;Distrito Capital;Sucre;Petare;Femenino;18-25 años;Universitaria;Seguridad;N/A;Todo lo que está pasando en el país ;Estabilidad económica;N/A;Revisión caso por caso;N/A;Delcy Rodríguez ;Delcy Rodríguez ;Luchadora ;Sí;No;No;No;No;No;No;No;N/A;Fue un secuestro al presidente constitucional;N/A;Un barco a la deriva;N/A;Miedo;N/A;N/A;N/A;Interés económico sobre los recursos naturales;No;No;No;N/A;N/A;Sueldos y trabajos ;Una transición política amplia donde todos coexistan;Mejorara mucho;4;0;N/A;POINT(-66.808765 10.477125000000001);;;4
Lía Viera;-668.087.217;10.477.424.999.999.900;2/24/2026;Miranda;Sucre;Petare;Masculino;76 años o más;Primaria;Otro;Desempleo ;Situación económica ;Desarrollo económico;N/A;Otro;Liberación total ;No sabe;Ninguno ;No aplica ;No;No;Sí;No;No;Sí;No;No;N/A;No sabe/No responde;N/A;Un renacer;N/A;Esperanza;N/A;N/A;N/A;No sabe/No contesta;No;No sabe;No;N/A;N/A;Los precios de los productos ;Una transición política amplia donde todos coexistan;Mejorara poco;5;0;N/A;POINT(-66.8087217 10.477424999999997);;;5
Johangely Garcia;-668.086.984;10.477.465.600.000.000;2/24/2026;Miranda;Sucre;Petare;Femenino;46-55 años;Primaria;Otro;El agua, la luz etc;El sueldo porque entre mas sube el dolar mas suben los precios ( hasta pasaje urbano);Otro;Tranquilidad, paz salir tranquilas y poder comprar accesiblemente;Otro;Que sea un proceso judicial individual sin tocar la población ;La actual presidenta Delcy Rodríguez ;Delcy Rodríguez ;Capaz de sacar al pueblo adelante ;Sí;No;No;No;No;No;No;No;N/A;Fue la consecuencia de un mal manejo político de la oposición y el oficialismo;N/A;Otra;Esperanza ;Miedo;N/A;N/A;N/A;Interés económico sobre los recursos naturales;No;No;No sabe;N/A;N/A;Hablan de la dolarizacion y el aumento;La continuidad del gobierno actual;Mejorara mucho;6;0;N/A;POINT(-66.8086984 10.477465600000002);;;6
Luis Nieves;-668.433.551;10.496.844.800.000.000;2/24/2026;Miranda;Sucre;Petare;Femenino;46-55 años;Primaria;Política;N/A;No sabe ;Paz;N/A;Revisión caso por caso;N/A;No hay opción/ no sabe;Dice que ninguno ;---;Sí;No;No;Sí;No;No;No;No;N/A;No sabe/No responde;N/A;Un callejón sin salida;N/A;Miedo;N/A;N/A;N/A;No sabe/No contesta;No;No;No;N/A;N/A;El destino del presidente?;Un cambio de gobierno;Empeora mucho;7;0;N/A;POINT(-66.8433551 10.496844800000005);;;7
Jeily Torrado;-6.698.421.411.685.340;10.121.323.247.398.200;2/24/2026;Miranda;Sucre;Petare;Femenino;56-75 años;Secundaria;Poder adquisitvo;N/A;Salud ;Desarrollo económico;N/A;Revisión caso por caso;N/A;No sabe;Delcy Rodríguez ;Capaz ;Sí;No;No;No;No;No;No;No;N/A;Fue una intervención que violó la soberanía nacional;N/A;Un barco a la deriva;N/A;Indignación;N/A;N/A;N/A;Interés económico sobre los recursos naturales;No;No;No;N/A;N/A;De una cambio económico ;La continuidad del gobierno actual;Mejorara mucho;8;0;N/A;POINT(-66.98421411685342 10.121323247398266);;;8
Julio Vasquez;-6.680.881.071.307.080;10.477.435.759.324.500;2/24/2026;Miranda;Sucre;Petare;Masculino;18-25 años;Universitaria;Otro;Dinero;Paz;Paz;N/A;Otro;No se;Delcy;Delcy;Igualdad;Sí;No;Sí;No;No;No;No;No;N/A;Fue la consecuencia de un mal manejo político de la oposición y el oficialismo;N/A;Un renacer;N/A;Esperanza;N/A;N/A;N/A;Interés económico sobre los recursos naturales;No;Solo como mediador;No;N/A;N/A;No se;Un cambio de gobierno;Mejorara mucho;9;0;N/A;POINT(-66.80881071307087 10.477435759324507);;;9
Gisell Briceño;-66.808.815;10.477.183.299.999.900;2/24/2026;Distrito Capital;Sucre;Petare;Femenino;46-55 años;Primaria;Poder adquisitvo;N/A;Alimentos y seguridad ;Estabilidad económica;N/A;Proceso judicial independiente;N/A;Ninguno ;Ninguno ;Ninguno ;Sí;No;No;No;No;No;No;No;N/A;Fue la consecuencia de un mal manejo político de la oposición y el oficialismo;N/A;Un renacer;N/A;Miedo;N/A;N/A;N/A;Apoyar a Venezuela;No;No;No;N/A;N/A;Precios aumentaron, trasporte y seguridad ;Una transición política amplia donde todos coexistan;Mejorara mucho;10;0;N/A;POINT(-66.808815 10.477183299999993);;;10
Johangely Garcia;-66.808.675;10.477.132.600.000.000;2/24/2026;Miranda;Sucre;Petare;Femenino;18-25 años;Secundaria;Vivienda;N/A;Todo;Estabilidad económica;N/A;Revisión caso por caso;N/A;Maria Corina Machado ;Maria corina machado;Lidér y me gusta su personalidad ;No;Sí;Sí;No;No;No;No;Sí; Maria Corina Machado;Fue una intervención que violó la soberanía nacional;N/A;Otra;Ni idea considero que esta lenta la situación ;Otro;Esperanza y felicidad por lo que ocúrrio;N/A;N/A;Interés económico sobre los recursos naturales;Sí;Sí;No sabe;N/A;N/A;La explocion del 3 de enero fue algo nuevo para nosotros;Un cambio de gobierno;Mejorara poco;11;0;N/A;POINT(-66.808675 10.477132600000004);;;11
Lía Viera;-6.680.883;10.477.318.300.000.000;2/24/2026;Miranda;Sucre;Petare;Masculino;76 años o más;Secundaria;Salud;N/A;La administración del país ;Estabilidad económica;N/A;Revisión caso por caso;N/A;No sabe;Ninguno ;N/A;Sí;No;No;No;Sí;No;No;No;N/A;Fue una salida acordada;N/A;Un callejón sin salida;N/A;Esperanza;N/A;N/A;N/A;Interés económico sobre los recursos naturales;No;No;No;N/A;N/A;La mejora del país, cambio de moneda.;Un cambio de gobierno;Mejorara mucho;12;0;N/A;POINT(-66.80883 10.477318300000007);;;12
Jeily Torrado;0.0;0.0;2/24/2026;Miranda;Sucre;Petare;Femenino;26-35 años;Secundaria;Salud;N/A;Economía ;Desarrollo económico;N/A;Revisión caso por caso;N/A;María Corina Machado ;María Corina Machado ;Capaz ;No;No;Sí;No;No;No;No;No;N/A;Fue la consecuencia de un mal manejo político de la oposición y el oficialismo;N/A;Una olla a presión;N/A;Esperanza;N/A;N/A;N/A;Apoyar a Venezuela;No;Sí;No;N/A;N/A;Economía ;Un cambio de gobierno;Mejorara poco;13;0;N/A;POINT(0.0 0.0);;;13
Luis Nieves;0.0;0.0;2/24/2026;Distrito Capital;Sucre;Petare;Femenino;18-25 años;Primaria;Salud;N/A;Religión ;Estabilidad económica;N/A;Revisión caso por caso;N/A;Dice que no sabe;González Urrutia;Bueno;No;No;Sí;Sí;No;No;No;No;N/A;Fue un secuestro al presidente constitucional;N/A;Un barco a la deriva;N/A;Tranquilidad;N/A;N/A;N/A;Una demostración de poder sobre el continente americano ;No;Sí;No sabe;N/A;N/A;Acerca del presidente Nicolás maduro ;Una transición política amplia donde todos coexistan;Mejorara mucho;14;0;N/A;POINT(0.0 0.0);;;14
Jeily Torrado;-668.086.019;10.477.413.400.000.000;2/24/2026;Miranda;Sucre;Petare;Femenino;26-35 años;Secundaria;Salud;N/A;Salud ;Libertad;N/A;Revisión caso por caso;N/A;María Corina Machado ;María Corina Machado ;Libertad y respeto ;No;No;Sí;No;No;No;No;No;N/A;Fue una salida acordada;N/A;Un callejón sin salida;N/A;Confusión;N/A;N/A;N/A;Interés económico sobre los recursos naturales;No;Sí;Sí;N/A;N/A;Economía ;Una transición política amplia donde todos coexistan;Se mantendra igual;15;0;N/A;POINT(-66.8086019 10.477413400000003);;;15
Gisell Briceño;-6.680.865.330.000.000;10.477.125.000.000.000;2/24/2026;Distrito Capital;Sucre;Petare;Femenino;56-75 años;Secundaria;Poder adquisitvo;N/A;Sueldos y salud ;Libertad;N/A;Amnistía general;N/A;María Corina ;María Corina ;Luchadora ;No;No;Sí;No;No;No;No;Sí;Edmundo González ;Fue la consecuencia de un mal manejo político de la oposición y el oficialismo;N/A;Un barco a la deriva;N/A;Confusión;N/A;N/A;N/A;Interés económico sobre los recursos naturales;No;Solo como mediador;No sabe;N/A;N/A;Alimentos, salud, medicamentos, trabajo ;Una transición política amplia donde todos coexistan;Mejorara mucho;16;0;N/A;POINT(-66.80865330000002 10.477125000000001);;;16
Johangely Garcia;-668.086.664;10.477.134.300.000.000;2/24/2026;Miranda;Sucre;Petare;Femenino;36-45 años;Secundaria;Seguridad;N/A;Empleo, economia;Desarrollo económico;N/A;Revisión caso por caso;N/A;Delcy Rodríguez ;Delcy Rodríguez ;Sensata , esta haciendo su labor bien esa si es una presidenta ;Sí;No;Sí;No;No;No;No;No;N/A;Otra;Gracias a Dios por lo ocurrido por ofender y no pensar en su pais;Otra;Esperanza por todo;Otro;Rabia porque el anterior presidente se dejaba llevar y no tenia palabra ;N/A;N/A;Una demostración de poder sobre el continente americano ;No;Solo como mediador;No sabe;N/A;N/A;Gasolina, empleo, los sueldos minimos y el dolar;La continuidad del gobierno actual;Mejorara mucho;17;0;N/A;POINT(-66.8086664 10.477134300000003);;;17
Lía Viera;-668.084.667;10.477.289.999.999.900;2/24/2026;Miranda;Sucre;Petare;Femenino;26-35 años;Universitaria;Vivienda;N/A;Desempleo ;Estabilidad económica;N/A;Revisión caso por caso;N/A;No sabe;Ninguno;N/A;No;No;Sí;Sí;No;Sí;No;No;N/A;Fue una intervención que violó la soberanía nacional;N/A;Un barco a la deriva;N/A;Confusión;N/A;N/A;N/A;Interés económico sobre los recursos naturales;No;No sabe;No;N/A;N/A;dolarización de país ;Un cambio de gobierno;Se mantendra igual;18;0;N/A;POINT(-66.8084667 10.477289999999996);;;18
Julio Vasquez;-6.680.871.202.105.710;10.477.440.816.301.000;2/24/2026;Miranda;Sucre;Petare;Femenino;26-35 años;Secundaria;Poder adquisitvo;N/A;Las personas de bajos recursos ;Libertad;N/A;Revisión caso por caso;N/A;Chavez;Maduro;Buen corazón ;No;No;No;Sí;No;No;No;Sí;Pedro infante;Fue un secuestro al presidente constitucional;N/A;Otra;Venezuela libre;Indignación;N/A;N/A;N/A;Interés económico sobre los recursos naturales;No;No;Sí;N/A;N/A;Dolar;La continuidad del gobierno actual;Mejorara mucho;19;0;N/A;POINT(-66.80871202105718 10.477440816301083);;;19
Luis Nieves;0.0;0.0;2/24/2026;Miranda;Sucre;Petare;Femenino;36-45 años;Universitaria;Poder adquisitvo;N/A;Activar producción nacional ;Libertad;N/A;Amnistía general;N/A;Diosdado cabello ;María Corina Machado ;Libertadora;No;No;Sí;No;No;No;Sí;Sí;Edmundo González ;Fue la consecuencia de un mal manejo político de la oposición y el oficialismo;N/A;Un renacer;N/A;Esperanza;N/A;N/A;N/A;Apoyar a Venezuela;Sí;Sí;No;N/A;N/A;Sueldos bajos;Un cambio de gobierno;Mejorara mucho;20;0;N/A;POINT(0.0 0.0);;;20
Jeily Torrado;0.0;0.0;2/24/2026;Miranda;Sucre;Petare;Masculino;56-75 años;Primaria;Salud;N/A;Económico ;Desarrollo económico;N/A;Revisión caso por caso;N/A;Quiere algo nuevo ;Un político totalmente nuevo ;Ninguna ;No;No;No;No;No;No;No;No;N/A;No sabe/No responde;N/A;Un callejón sin salida;N/A;Alegría;N/A;N/A;N/A;Apoyar a Venezuela;No;Solo como mediador;No;N/A;N/A;Economía ;Un cambio de gobierno;Mejorara poco;21;0;N/A;POINT(0.0 0.0);;;21
Julio Vasquez;10.477.331.537.078.000;1.047.733.153.707.800;2/24/2026;Miranda;Antonio José De Sucre;Petare;Femenino;26-35 años;Secundaria;Salud;N/A;Economía ;Otro;Armonía ;Revisión caso por caso;N/A;Nicolás Maduro;Nicolás Maduro;Buen presidente ;Sí;No;No;Sí;No;No;No;No;N/A;Fue una intervención que violó la soberanía nacional;N/A;Una olla a presión;N/A;Esperanza;N/A;N/A;N/A;Interés económico sobre los recursos naturales;No;No;No;N/A;N/A;Aumento de salario;La continuidad del gobierno actual;Mejorara mucho;22;0;N/A;POINT(10.477331537078037 10.47733153707803);;;22
Gisell Briceño;-66.808.465;10.477.001.700.000.000;2/24/2026;Distrito Capital;Sucre;Petare;Masculino;26-35 años;Universitaria;Poder adquisitvo;N/A;Trabajo ;Desarrollo económico;N/A;Amnistía general;N/A;María Corina ;María Corina ;Oportunidad ;No;No;Sí;No;No;No;Sí;No;N/A;Fue la consecuencia de un mal manejo político de la oposición y el oficialismo;N/A;Una olla a presión;N/A;Esperanza;N/A;N/A;N/A;Una demostración de poder sobre el continente americano ;No;Sí;Sí;N/A;N/A;Economía y trabajo ;Una transición política amplia donde todos coexistan;Empeora poco;23;0;N/A;POINT(-66.808465 10.477001700000002);;;23
Johangely Garcia;-668.085;104.770.429;2/24/2026;Miranda;Sucre;Petare;Femenino;56-75 años;Primaria;Otro;Todo;Salud por los insumos de hospitales, el dolar y la economía ;Libertad;N/A;Otro;Revision de casos porque hay muchos presos que no áparecen én algunas partes;Maria Corina Machado ;Maria corina Machado ;El Poder de hacer las cosas bien para su país ;No;No;Sí;No;No;No;Sí;No;N/A;Otra;A el le avisaron pero el reto a estados unidos el mismo se busco la situcion ;Una olla a presión;N/A;Otro;Alegria y esperanzas para algo mejor para el pais;N/A;N/A;Una demostración de poder sobre el continente americano ;No;Solo como mediador;Sí;N/A;N/A;Empleos para todos ;Un cambio de gobierno;Mejorara mucho;24;0;N/A;POINT(-66.8085 10.4770429);;;24
Gisell Briceño;-668.084.717;10.477.003.300.000.000;2/24/2026;Distrito Capital;Sucre;Petare;Femenino;26-35 años;Universitaria;Poder adquisitvo;N/A;Sueldos y trabajos ;Libertad;N/A;Revisión caso por caso;N/A;Ninguno ;A lo mejor si;Ninguno;No;No;No;No;No;No;No;Sí;Edmundo González ;No sabe/No responde;N/A;Un renacer;N/A;Miedo;N/A;N/A;N/A;Una demostración de poder sobre el continente americano ;No;Solo como mediador;No;N/A;N/A;Trabajo ;Un cambio de gobierno;Mejorara mucho;25;0;N/A;POINT(-66.8084717 10.477003300000007);;;25
Gisell Briceño;0.0;0.0;2/24/2026;Miranda;Antonio José De Sucre;Petare;Femenino;18-25 años;Secundaria;Salud;N/A;Economico;Estabilidad económica;N/A;Proceso judicial independiente;N/A;No sabe;Ninguno;Ninguno;No;No;Sí;No;No;No;No;No;N/A;Fue una extracción legítima para la estabilidad de Venezuela;N/A;Un renacer;N/A;Confusión;N/A;N/A;N/A;Interés económico sobre los recursos naturales;No;Solo como mediador;No sabe;N/A;N/A;Cambio de moneda;Una transición política amplia donde todos coexistan;Mejorara mucho;26;0;N/A;POINT(0.0 0.0);;;26
Julio Vasquez;0.0;0.0;2/24/2026;Miranda;Sucre;Petare;Masculino;56-75 años;Secundaria;Poder adquisitvo;N/A;La gente pase necesidad;Estabilidad económica;N/A;Amnistía general;N/A;Ecarri;Ecarri;Seriedad;Sí;No;No;No;No;No;Sí;No;N/A;Fue un secuestro al presidente constitucional;N/A;Un barco a la deriva;N/A;Indignación;N/A;N/A;N/A;Una demostración de poder sobre el continente americano ;No;No;No;N/A;N/A;Transporte ;La continuidad del gobierno actual;Mejorara mucho;27;0;N/A;POINT(0.0 0.0);;;27
Johangely Garcia;-668.086.105;10.477.070.999.999.900;2/24/2026;Miranda;Sucre;Petare;Femenino;26-35 años;Primaria;Otro;Empleos;Un rmpleo con un buen ;Paz;N/A;Revisión caso por caso;N/A;Delcy Rodríguez ;Delcy Rodríguez ;Buena en todo;Sí;No;No;Sí;No;No;No;No;N/A;Fue una salida acordada;N/A;Otra;Paz y superación ;Miedo;N/A;N/A;N/A;Interés económico sobre los recursos naturales;No;No sabe;Sí;N/A;N/A;La falta de empleo y la economía el sueldo ;La continuidad del gobierno actual;Mejorara mucho;28;0;N/A;POINT(-66.8086105 10.477070999999995);;;28
Jeily Torrado;-668.062.031;1.047.663.919.999.990;2/24/2026;Miranda;Antonio José De Sucre;Petare;Femenino;56-75 años;Secundaria;Poder adquisitvo;N/A;Elecciones lo más pronto posible ;Estabilidad económica;N/A;Otro;Libertad plena ;María Corina Machado ;María Corina Machado ;Honestidad ;No;No;Sí;No;No;No;Sí;No;N/A;Otra;Es como capturar a un delincuente ;Un renacer;N/A;Esperanza;N/A;N/A;N/A;Apoyar a Venezuela;No;Sí;Sí;N/A;N/A;Situación económica ;Un cambio de gobierno;Mejorara mucho;29;0;N/A;POINT(-66.8062031 10.47663919999998);;;29
Lía Viera;-6.680.612;10.477.113.299.999.900;2/24/2026;Miranda;Antonio José De Sucre;Petare;Femenino;56-75 años;Secundaria;Salud;N/A;La alimentación y educación ;Paz;N/A;Otro;No responde;No sabe;No sabe ;No aplica;Sí;No;Sí;No;No;No;No;No;N/A;No sabe/No responde;N/A;Una olla a presión;N/A;Confusión;N/A;N/A;N/A;No sabe/No contesta;No;No;No;N/A;N/A;Alimentos ;Una transición política sin cambios significativos;Mejorara mucho;30;0;N/A;POINT(-66.80612 10.477113299999985);;;30
Julio Vasquez;0.0;0.0;2/24/2026;Miranda;Sucre;Petare;Femenino;76 años o más;Secundaria;Poder adquisitvo;N/A;Devolver al presidente ;Libertad;N/A;Otro;No se;Maduro;Maduro;Valores;Sí;Sí;No;Sí;No;No;No;No;N/A;Fue un secuestro al presidente constitucional;N/A;Un barco a la deriva;N/A;Tranquilidad;N/A;N/A;N/A;Una demostración de poder sobre el continente americano ;No;No;No;N/A;N/A;Comida;La continuidad del gobierno actual;Mejorara mucho;31;0;N/A;POINT(0.0 0.0);;;31
Jeily Torrado;-668.061.949;104.768.124;2/24/2026;Miranda;Antonio José De Sucre;Petare;Femenino;26-35 años;Secundaria;Salud;N/A;Salud ;Estabilidad económica;N/A;Proceso judicial independiente;N/A;María Corina Machado ;Ninguno;Ninguna ;No;No;Sí;No;No;No;No;No;N/A;Fue la consecuencia de un mal manejo político de la oposición y el oficialismo;N/A;Un barco a la deriva;N/A;Confusión;N/A;N/A;N/A;Interés económico sobre los recursos naturales;Sí;Sí;No;N/A;N/A;Situación económica ;Un cambio de gobierno;Se mantendra igual;32;0;N/A;POINT(-66.8061949 10.4768124);;;32
Gisell Briceño;-6.680.845.330.000.000;10.477.170.000.000.000;2/24/2026;Distrito Capital;Sucre;Petare;Masculino;56-75 años;Secundaria;Poder adquisitvo;N/A;Gestión de Delcy Rodríguez ;Paz;N/A;Revisión caso por caso;N/A;Delcy Rodríguez ;Delcy Rodríguez ;Preparada ;Sí;Sí;No;Sí;No;No;No;No;N/A;Fue un secuestro al presidente constitucional;N/A;Un renacer;N/A;Miedo;N/A;N/A;N/A;Interés económico sobre los recursos naturales;No;No;Sí;N/A;N/A;Empleo,  sueldos ;La continuidad del gobierno actual;Mejorara mucho;33;0;N/A;POINT(-66.80845330000001 10.477170000000001);;;33
Luis Nieves;-668.094.433;10.477.166.699.999.900;2/24/2026;Miranda;Sucre;Petare;Masculino;56-75 años;Universitaria;Poder adquisitvo;N/A;La situación del Esequibo ;Desarrollo económico;N/A;Revisión caso por caso;N/A;No hay lider;Delcy Rodríguez ;Guía ;Sí;No;No;No;Sí;No;No;No;N/A;Fue una intervención que violó la soberanía nacional;N/A;Un renacer;N/A;Indignación;N/A;N/A;N/A;Interés económico sobre los recursos naturales;No;No;No;N/A;N/A;El tema económico y adquisitivo ;La continuidad del gobierno actual;Se mantendra igual;34;0;N/A;POINT(-66.8094433 10.477166699999984);;;34
Johangely Garcia;-668.070.655;10.477.036.600.000.000;2/24/2026;Miranda;Sucre;Petare;Masculino;26-35 años;Secundaria;Salud;N/A;La seguridad ;Estabilidad económica;N/A;Revisión caso por caso;N/A;Delcy Rodríguez ;Delcy Rodríguez ;Tiene la capacidad y se inclina mas a lo humano ej el pais y su bienestar ;Sí;No;No;No;No;No;Sí;No;N/A;Fue una salida acordada;N/A;Otra;Esperanza y tener la confianza porque no tienen fe;Miedo;N/A;N/A;N/A;Interés económico sobre los recursos naturales;No;No;No;N/A;N/A;Religioso, el poder de creer;Un cambio de gobierno;Mejorara mucho;35;0;N/A;POINT(-66.8070655 10.477036600000005);;;35
Lía Viera;-668.061.667;10.476.711.699.999.900;2/24/2026;Miranda;Antonio José De Sucre;Petare;Masculino;56-75 años;Secundaria;Poder adquisitvo;N/A;Economía;Paz;N/A;Amnistía general;N/A;Ninguno ;Ninguno;N/A;Sí;No;No;No;No;Sí;No;Sí;Claudio Fermín ;Fue una salida acordada;N/A;Otra;No responde ;Tranquilidad;N/A;N/A;N/A;Apoyar a Venezuela;No;Sí;No;N/A;N/A;Aumento del pasaje, sueldos. ;Un cambio de gobierno;Mejorara poco;36;0;N/A;POINT(-66.8061667 10.476711699999996);;;36
Gisell Briceño;-668.085.083;10.477.145.000.000.000;2/24/2026;Distrito Capital;Sucre;Petare;Femenino;36-45 años;Secundaria;Poder adquisitvo;N/A;Empleo ;Estabilidad económica;N/A;Amnistía general;N/A;Delcy Rodríguez ;Delcy Rodríguez ;Buena;Sí;No;No;Sí;No;No;No;No;N/A;Fue un secuestro al presidente constitucional;N/A;Un barco a la deriva;N/A;Miedo;N/A;N/A;N/A;Interés económico sobre los recursos naturales;No;No;No sabe;N/A;N/A;Sueldos ;La continuidad del gobierno actual;Mejorara mucho;37;0;N/A;POINT(-66.8085083 10.477145000000007);;;37
Jeily Torrado;-668.061.396;10.476.675.499.999.900;2/24/2026;Miranda;Antonio José De Sucre;Petare;Femenino;26-35 años;Secundaria;Salud;N/A;Situación económica ;Libertad;N/A;Otro;No tiene idea ;No tiene idea ;No tiene idea ;No tiene idea ;No;No;No;No;No;No;No;No;N/A;No sabe/No responde;N/A;Un renacer;N/A;Confusión;N/A;N/A;N/A;Apoyar a Venezuela;Sí;No sabe;No sabe;N/A;N/A;Situación económica ;Un cambio de gobierno;Se mantendra igual;38;0;N/A;POINT(-66.8061396 10.476675499999999);;;38
Johangely Garcia;-6.680.642.850.000.000;10.476.625.499.999.900;2/24/2026;Miranda;Sucre;Petare;Masculino;56-75 años;Primaria;Otro;Agua y la economía ;El servicio de agua ;Desarrollo económico;N/A;Revisión caso por caso;N/A;Delcy Rodríguez ;Delcy Rodríguez ;Liderazgo la escuchan y la respetan;Sí;No;No;No;No;No;No;No;N/A;Otra;El subestimo al presidente Trump y recibio su consecuencia;Otra;La nueva Venezuela hay que ser optimista ;Esperanza;N/A;N/A;N/A;Interés económico sobre los recursos naturales;No;Solo como mediador;No;N/A;N/A;El sueldo mínimo y el dolar;La continuidad del gobierno actual;Mejorara mucho;39;0;N/A;POINT(-66.80642850000001 10.476625499999997);;;39
Luis Nieves;-668.089.267;10.478.028.300.000.000;2/24/2026;Miranda;Sucre;Petare;Masculino;18-25 años;Universitaria;Seguridad;N/A;Violencia o inseguridad ;Paz;N/A;Proceso judicial independiente;N/A;No sabe;No sabe;No sabe;Sí;Sí;Sí;Sí;No;No;Sí;No;N/A;Fue la consecuencia de un mal manejo político de la oposición y el oficialismo;N/A;Una olla a presión;N/A;Alegría;N/A;N/A;N/A;Interés económico sobre los recursos naturales;Sí;No;No;N/A;N/A;Aumento de salario ;Un cambio de gobierno;Mejorara poco;40;0;N/A;POINT(-66.8089267 10.478028300000005);;;40
Julio Vasquez;-6.680.872.183.316.810;10.477.428.674.869.300;2/24/2026;Miranda;Sucre;Petare;Femenino;36-45 años;Secundaria;Política;N/A;Valores ;Desarrollo económico;N/A;Revisión caso por caso;N/A;Ninguno ;Ninguna ;Dios;Sí;No;Sí;No;Sí;No;Sí;No;N/A;No sabe/No responde;N/A;Un renacer;N/A;Esperanza;N/A;N/A;N/A;Apoyar a Venezuela;No;Solo como mediador;No;N/A;N/A;Desempleo;Un cambio de gobierno;Mejorara poco;41;0;N/A;POINT(-66.80872183316811 10.477428674869373);;;41
Gisell Briceño;0.0;0.0;2/24/2026;Distrito Capital;Sucre;Petare;Masculino;56-75 años;Secundaria;Seguridad;N/A;Servicios básicos ;Estabilidad económica;N/A;Revisión caso por caso;N/A;Delcy Rodríguez ;Delcy Rodríguez ;Preparada ;Sí;No;No;No;No;No;No;No;N/A;Fue un secuestro al presidente constitucional;N/A;Una olla a presión;N/A;Miedo;N/A;N/A;N/A;Una demostración de poder sobre el continente americano ;No;Sí;Sí;N/A;N/A;Transporte, economía ;Un cambio de gobierno;Mejorara mucho;42;0;N/A;POINT(0.0 0.0);;;42
Johangely Garcia;-668.061.148;10.476.700.899.999.900;2/24/2026;Miranda;Sucre;Petare;Femenino;18-25 años;Secundaria;Otro;La economia ;Precios y control en la economía ;Libertad;N/A;Proceso judicial independiente;N/A;Maria Corina Machado ;Maria corina machado;La veo como una mujer de poder;No;No;Sí;No;No;No;No;No;N/A;Otra;Todo fue con ellos, ellos son los que saben nosotros solo vivimos ese momento de incertidumbre ;Un renacer;N/A;Miedo;N/A;N/A;N/A;Interés económico sobre los recursos naturales;No;Solo como mediador;No;N/A;N/A;Puro de política y sus promesas porque no sabemos que pasara ;Un cambio de gobierno;Mejorara mucho;43;0;N/A;POINT(-66.8061148 10.476700899999997);;;43
Luis Nieves;-6.680.849.970.000.000;10.477.238.500.000.000;2/24/2026;Miranda;Sucre;Petare;Femenino;26-35 años;Secundaria;Salud;N/A;Educación ;Desarrollo económico;N/A;Revisión caso por caso;N/A; Simón bolivar ;No sabe ;No sabe;No;No;No;No;No;No;No;No;N/A;Fue una salida acordada;N/A;Un renacer;N/A;Confusión;N/A;N/A;N/A;Interés económico sobre los recursos naturales;No;Sí;No;N/A;N/A;La dolarizacion del país ;Una transición política sin cambios significativos;Mejorara mucho;44;0;N/A;POINT(-66.80849970000001 10.477238500000013);;;44
Julio Vasquez;-6.680.874.549.716.690;1.047.751.248.320.800;2/24/2026;Miranda;Sucre;Petare;Femenino;46-55 años;Universitaria;Poder adquisitvo;N/A;Depuración del sistema ;Desarrollo económico;N/A;Amnistía general;N/A;Maria Corina;María corina;Inteligente ;No;No;Sí;No;No;No;No;No;N/A;Fue una salida acordada;N/A;Un barco a la deriva;N/A;Esperanza;N/A;N/A;N/A;Interés económico sobre los recursos naturales;No;Solo como mediador;No;N/A;N/A;Economía , dolar ;Un cambio de gobierno;Se mantendra igual;45;0;N/A;POINT(-66.80874549716691 10.47751248320806);;;45
Johangely Garcia;-668.342.964;10.495.871.100.000.000;2/24/2026;Miranda;Sucre;Leoncio Martínez;Femenino;26-35 años;Secundaria;Política;N/A;Económia ;Libertad;N/A;Proceso judicial independiente;N/A;Delcy Rodríguez ;Delcy Rodríguez ;Capaz;Sí;No;No;No;No;No;No;No;N/A;Fue una salida acordada;N/A;Una olla a presión;N/A;Confusión;N/A;N/A;N/A;Interés económico sobre los recursos naturales;No;No;No;Revolución;N/A;Del nuevo cono monetario;Un cambio de gobierno;Mejorara mucho;46;0;N/A;POINT(-66.8342964 10.495871100000002);;;46
Lía Viera;-668.342.792;10.495.373.999.999.900;2/24/2026;Miranda;Antonio José De Sucre;Leoncio Martínez;Femenino;36-45 años;Secundaria;Poder adquisitvo;N/A;Economía ;Estabilidad económica;N/A;Revisión caso por caso;N/A;María Corina Machado ;María Corina Machado ;Lealtad ;No;No;Sí;No;No;No;No;No;N/A;Fue una extracción legítima para la estabilidad de Venezuela;N/A;Un barco a la deriva;N/A;Esperanza;N/A;N/A;N/A;Interés económico sobre los recursos naturales;No;No;No;Libertad;N/A;La subida del dólar ;Un cambio de gobierno;Mejorara poco;47;0;N/A;POINT(-66.8342792 10.495373999999998);;;47
Julio Vasquez;-6.683.349.779.839.870;10.495.411.235.854.900;2/24/2026;Miranda;Antonio José De Sucre;Leoncio Martínez;Masculino;36-45 años;Universitaria;Otro;Varios;Sueldos y salarios ;Desarrollo económico;N/A;Amnistía general;N/A;Ninguno;Ninguno ;Ninguna;No;No;No;No;No;No;No;No;N/A;No sabe/No responde;N/A;Un renacer;N/A;Esperanza;N/A;N/A;N/A;Interés económico sobre los recursos naturales;No;Solo como mediador;No;Socialismo;N/A;Dólar, salario;Una transición política amplia donde todos coexistan;Empeora mucho;48;0;N/A;POINT(-66.83349779839875 10.495411235854931);;;48
Johangely Garcia;-66.834.312;10.495.719.000.000.000;2/24/2026;Miranda;Sucre;Leoncio Martínez;Femenino;26-35 años;Universitaria;Otro;Todas las anteriores ;Política ;Desarrollo económico;N/A;Revisión caso por caso;N/A;Nose;Ni idea;Corrupción ;No;No;No;No;No;No;No;No;N/A;Otra;Estrategia para que trump tenga mas poder;Un barco a la deriva;N/A;Indignación;N/A;N/A;N/A;Interés económico sobre los recursos naturales;No;No;No;Socialismo;N/A;El dolar o taza monetaria ;Un cambio de gobierno;Se mantendra igual;49;0;N/A;POINT(-66.834312 10.495719000000008);;;49
Julio Vasquez;-6.683.395.574.569.740;1.049.550.913.664.750;2/24/2026;Miranda;Antonio José De Sucre;Leoncio Martínez;Masculino;18-25 años;Secundaria;Vivienda;N/A;Plata;Desarrollo económico;N/A;Amnistía general;N/A;María corina;María corina;Guerra ;No;No;Sí;No;No;No;Sí;No;N/A;Fue una salida acordada;N/A;Una olla a presión;N/A;Tranquilidad;N/A;N/A;N/A;Apoyar a Venezuela;Sí;Sí;No;Revolución;N/A;Fútbol, deportes;Un cambio de gobierno;Mejorara mucho;50;0;N/A;POINT(-66.83395574569741 10.49550913664757);;;50
Johangely Garcia;-668.333.554;10.495.588.999.999.900;2/24/2026;Miranda;Sucre;Leoncio Martínez;Masculino;36-45 años;Secundaria;Poder adquisitvo;N/A;Seria los precios del mercado porque si el sueldo no sube porque tenemos que pagar por cosas caras;Estabilidad económica;N/A;Proceso judicial independiente;N/A;Delcy Rodríguez ;Maria corina machado;Creo firmemente que su palabra y su liderazgo seran buenos;Sí;No;Sí;No;No;No;No;No;N/A;Otra;Cada cosa que advirtieron no la escucharon y por ello paso lo que paso;Un renacer;N/A;Esperanza;N/A;N/A;N/A;Apoyar a Venezuela;No;Solo como mediador;No;Revolución;N/A;Elevacion de sueldos y moneda;La continuidad del gobierno actual;Mejorara mucho;51;0;N/A;POINT(-66.8333554 10.495588999999995);;;51
Lía Viera;-668.336.735;10.495.852.100.000.000;2/24/2026;Miranda;Antonio José De Sucre;Leoncio Martínez;Masculino;56-75 años;Primaria;Salud;N/A;La salud ;Estabilidad económica;N/A;Amnistía general;N/A;N/A;N/A;N/A;No;No;Sí;No;No;Sí;No;Sí;Edmundo González ;No sabe/No responde;N/A;Una olla a presión;N/A;Esperanza;N/A;N/A;N/A;Apoyar a Venezuela;Sí;Sí;Sí;Libertad;N/A;Cambio en la economía, los precios de los productos, el salario. ;Un cambio de gobierno;Mejorara mucho;52;0;N/A;POINT(-66.8336735 10.495852100000022);;;52
Lía Viera;-668.337.386;10.494.720.400.000.000;2/24/2026;Miranda;Antonio José De Sucre;Leoncio Martínez;Femenino;18-25 años;Secundaria;Vivienda;N/A;No sabe;Estabilidad económica;N/A;Amnistía general;N/A;Ninguno ;Ninguno ;N/A;Sí;No;No;No;No;Sí;Sí;No;N/A;Fue una salida acordada;N/A;Un renacer;N/A;Confusión;N/A;N/A;N/A;No sabe/No contesta;Sí;Solo como mediador;No;Socialismo;N/A;Economía ;Un cambio de gobierno;Mejorara poco;53;0;N/A;POINT(-66.8337386 10.494720400000006);;;53
Julio Vasquez;-6.683.329.937.172.810;1.049.517.006.751.730;2/24/2026;Miranda;Antonio José De Sucre;Leoncio Martínez;Masculino;26-35 años;Secundaria;Vivienda;N/A;Otorgar hogar;Libertad;N/A;Proceso judicial independiente;N/A;Ninguno ;Galindes;Correcto ;Sí;No;Sí;No;Sí;Sí;No;No;N/A;Fue un secuestro al presidente constitucional;N/A;Un callejón sin salida;N/A;Alegría;N/A;N/A;N/A;No sabe/No contesta;No;No;No;Socialismo;N/A;No se;La continuidad del gobierno actual;Mejorara poco;54;0;N/A;POINT(-66.83329937172817 10.49517006751735);;;54
Johangely Garcia;-668.335.811;10.495.546.200.000.000;2/24/2026;Miranda;Sucre;Leoncio Martínez;Masculino;56-75 años;Secundaria;Poder adquisitvo;N/A;Lá pazy entendimiento ;Desarrollo económico;N/A;Otro;Una amnustia con medidas precautelares;Delcy Rodríguez ;Delcy Rodríguez ;Hay que tener comunicación y entendimiento ;Sí;No;No;No;No;No;No;No;N/A;Fue la consecuencia de un mal manejo político de la oposición y el oficialismo;N/A;Un barco con viento en popa;N/A;Esperanza;N/A;N/A;N/A;Interés económico sobre los recursos naturales;No;Solo como mediador;Sí;Socialismo;N/A;Quieren claridad para ver el progreso ;La continuidad del gobierno actual;Mejorara mucho;55;0;N/A;POINT(-66.8335811 10.495546200000007);;;55
Lía Viera;0.0;0.0;2/24/2026;Miranda;Antonio José De Sucre;Leoncio Martínez;Masculino;26-35 años;Universitaria;Poder adquisitvo;N/A;Aumento del salario mínimo ;Estabilidad económica;N/A;Proceso judicial independiente;N/A;No aplica ;Ninguno ;Ninguno ;No;No;No;No;No;No;No;Sí;Antonio Ecarri ;Fue una salida acordada;N/A;Una olla a presión;N/A;Indignación;N/A;N/A;N/A;Interés económico sobre los recursos naturales;No;Solo como mediador;No;Transición;N/A;La situación salarial ;Un cambio de gobierno;Mejorara poco;56;0;N/A;POINT(0.0 0.0);;;56
Gisell Briceño;-669.085.551;10.494.339.100.000.000;2/24/2026;Distrito Capital;Libertador;San Agustin;Masculino;46-55 años;Secundaria;Poder adquisitvo;N/A;Economía ;Paz;N/A;Proceso judicial independiente;N/A;Ninguno ;Ninguno ;Ninguno ;No;No;No;No;No;No;No;Sí;Claudio Fermin;Fue una salida acordada;N/A;Un callejón sin salida;N/A;Confusión;N/A;N/A;N/A;Interés económico sobre los recursos naturales;No;Solo como mediador;No;Transición;N/A;Sueldos, alimentos.;Un cambio de gobierno;Mejorara poco;57;0;N/A;POINT(-66.9085551 10.494339100000005);;;57
Johangely Garcia;-668.329.955.845.452;10.494.942.548.625.900;2/24/2026;Miranda;Sucre;Leoncio Martínez;Femenino;36-45 años;Universitaria;Poder adquisitvo;N/A;Educación y economía ;Desarrollo económico;N/A;Revisión caso por caso;N/A;Delcy Rodríguez ;Delcy Rodriguez ;Capaz;Sí;No;No;No;No;No;No;No;N/A;Fue una salida acordada;N/A;Un renacer;N/A;Confusión;N/A;N/A;N/A;Interés económico sobre los recursos naturales;No;No;No;Democracia;N/A;Sueldos ;La continuidad del gobierno actual;Mejorara mucho;58;0;N/A;POINT(-66.8329955845452 10.494942548625971);;;58
Jeily Torrado;-669.096.267;10.494.264.999.999.900;2/24/2026;Distrito Capital;Libertador;San Agustin;Femenino;18-25 años;Secundaria;Poder adquisitvo;N/A;Situación económica ;Estabilidad económica;N/A;Otro;No tienes idea;Diosdado cabello ;No tiene idea ;No tiene idea;No;Sí;No;No;No;No;No;No;N/A;Fue un secuestro al presidente constitucional;N/A;Un renacer;N/A;Confusión;N/A;N/A;N/A;Interés económico sobre los recursos naturales;Sí;No sabe;No sabe;Libertad;N/A;El cambio de la moneda ;Un cambio de gobierno;Mejorara poco;59;0;N/A;POINT(-66.9096267 10.494264999999984);;;59
Luis Nieves;-6.690.944.460.000.000;10.494.015.300.000.000;2/24/2026;Distrito Capital;Libertador;San Agustin;Masculino;18-25 años;Secundaria;Poder adquisitvo;N/A;Economía ;Desarrollo económico;N/A;Revisión caso por caso;N/A;Donald Trump ;Si, por interés ;No sabe ;No;No;No;No;No;No;No;No;N/A;Fue la consecuencia de un mal manejo político de la oposición y el oficialismo;N/A;Un renacer;N/A;Esperanza;N/A;N/A;N/A;Interés económico sobre los recursos naturales;No;Sí;No;Democracia;N/A;Estabilidad del dolar;Un cambio de gobierno;Mejorara poco;60;0;N/A;POINT(-66.90944460000001 10.494015300000001);;;60
Johangely Garcia;-6.683.290.313.856.350;1.049.491.294.319.510;2/24/2026;Miranda;Sucre;Leoncio Martínez;Masculino;56-75 años;Primaria;Política;N/A;Centros de salud;Desarrollo económico;N/A;Revisión caso por caso;N/A;Delcy Rodríguez ;Delcy Rodríguez ;Tener paciencia y dejarla trabajar;Sí;No;No;No;No;No;No;No;N/A;Fue una salida acordada;N/A;Un renacer;N/A;Confusión;N/A;N/A;N/A;Interés económico sobre los recursos naturales;No;No;No;Democracia;N/A;Economía;Una transición política amplia donde todos coexistan;Mejorara mucho;61;0;N/A;POINT(-66.83290313856355 10.49491294319516);;;61
Jeily Torrado;-669.073.619;10.494.564.399.999.900;2/24/2026;Distrito Capital;Libertador;San Agustin;Masculino;56-75 años;Primaria;Salud;N/A;Situación económica ;Libertad;N/A;Revisión caso por caso;N/A;Delcy Rodríguez ;Claudia Fermín ;Culto e inteligente ;Sí;No;No;No;No;No;No;No;N/A;Fue una salida acordada;N/A;Un renacer;N/A;Rabia;N/A;N/A;N/A;Interés económico sobre los recursos naturales;No;Solo como mediador;Sí;Democracia;N/A;La captura de Maduro ;La continuidad del gobierno actual;Mejorara mucho;62;0;N/A;POINT(-66.9073619 10.494564399999987);;;62
Gisell Briceño;-669.072.322;10.494.660.800.000.000;2/24/2026;Distrito Capital;Libertador;San Agustin;Masculino;26-35 años;Secundaria;Vivienda;N/A;trabajo ;Estabilidad económica;N/A;Revisión caso por caso;N/A;Delcy Rodríguez ;María Corina ;Buena;No;No;Sí;No;No;No;No;No;N/A;Fue una salida acordada;N/A;Un barco con viento en popa;N/A;Tranquilidad;N/A;N/A;N/A;Interés económico sobre los recursos naturales;No;Solo como mediador;No sabe;Revolución;N/A;Empleo;Un cambio de gobierno;Mejorara mucho;63;0;N/A;POINT(-66.9072322 10.494660800000005);;;63
Luis Nieves;0.0;0.0;2/24/2026;Distrito Capital;Libertador;San Agustin;Femenino;56-75 años;Primaria;Poder adquisitvo;N/A;Económico ;Estabilidad económica;N/A;Revisión caso por caso;N/A;No sabe;Ningún ;No sabe ;No;No;No;No;No;No;No;No;N/A;Fue una intervención que violó la soberanía nacional;N/A;Un barco a la deriva;N/A;Rabia;N/A;N/A;N/A;Interés económico sobre los recursos naturales;No;No;No;Soberanía;N/A;Aumento de sueldo ;La continuidad del gobierno actual;Se mantendra igual;64;0;N/A;POINT(0.0 0.0);;;64
Luis Nieves;0.0;0.0;2/24/2026;Distrito Capital;Libertador;San Agustin;Femenino;18-25 años;Universitaria;Salud;N/A;Salud ;Soberanía;N/A;Revisión caso por caso;N/A;Diosdado cabello ;No sabe;No sabe;Sí;Sí;No;Sí;No;No;No;No;N/A;Fue un secuestro al presidente constitucional;N/A;Un renacer;N/A;Indignación;N/A;N/A;N/A;Interés económico sobre los recursos naturales;No;Solo como mediador;Sí;Revolución;N/A;Aumento de salario ;La continuidad del gobierno actual;Mejorara poco;65;0;N/A;POINT(0.0 0.0);;;65
Jeily Torrado;-669.067.349;104.946.525;2/24/2026;Distrito Capital;Libertador;San Agustin;Femenino;46-55 años;Secundaria;Salud;N/A;Situación económica ;Estabilidad económica;N/A;Revisión caso por caso;N/A;Delcy Rodríguez ;Delcy Rodríguez ;Capaz ;Sí;No;No;No;No;No;No;No;N/A;Fue una intervención que violó la soberanía nacional;N/A;Un barco con viento en popa;N/A;Confusión;N/A;N/A;N/A;Interés económico sobre los recursos naturales;No;No;Sí;Democracia;N/A;Sobre la producción del pais;Una transición política amplia donde todos coexistan;Mejorara mucho;66;0;N/A;POINT(-66.9067349 10.4946525);;;66
Julio Vasquez;-6.682.839.528.502.920;10.490.803.807.199.400;2/24/2026;Miranda;Antonio José De Sucre;Los Cortijos;Masculino;18-25 años;Universitaria;Poder adquisitvo;N/A;Sueldos y salarios ;Estabilidad económica;N/A;Proceso judicial independiente;N/A;Diosdado ;Delcy;Valiente ;Sí;Sí;No;Sí;Sí;No;No;No;N/A;Fue una salida acordada;N/A;Un barco a la deriva;N/A;Esperanza;N/A;N/A;N/A;Una demostración de poder sobre el continente americano ;Sí;No;No;Libertad;N/A;Dolar;Un cambio de gobierno;Mejorara poco;67;0;N/A;POINT(-66.82839528502923 10.490803807199484);;;67
Jeily Torrado;-669.067.586;104.946.446;2/24/2026;Distrito Capital;Libertador;San Agustin;Masculino;26-35 años;Secundaria;Salud;N/A;Salud ;Paz;N/A;Revisión caso por caso;N/A;Delcy Rodríguez ;Delcy Rodríguez ;Capaz ;Sí;No;No;No;No;No;No;Sí;María Corina Machado ;Fue un secuestro al presidente constitucional;N/A;Un barco con viento en popa;N/A;Confusión;N/A;N/A;N/A;Interés económico sobre los recursos naturales;No;Sí;Sí;Transición;N/A;Un cambio económico ;Un cambio de gobierno;Mejorara mucho;68;0;N/A;POINT(-66.9067586 10.4946446);;;68
Luis Nieves;0.0;0.0;2/24/2026;Distrito Capital;Libertador;San Agustin;Masculino;36-45 años;Secundaria;Vivienda;N/A;Alimentos ;Estabilidad económica;N/A;Revisión caso por caso;N/A;Nayik bukele;No sabe ;No sabe;No;No;No;Sí;Sí;No;Sí;No;N/A;Fue una salida acordada;N/A;Un renacer;N/A;Esperanza;N/A;N/A;N/A;Interés económico sobre los recursos naturales;No;Solo como mediador;No;Soberanía;N/A;Alimentos y altos costos ;Una transición política amplia donde todos coexistan;Mejorara poco;69;0;N/A;POINT(0.0 0.0);;;69
Jeily Torrado;-669.066.683;10.494.774.199.999.900;2/24/2026;Distrito Capital;Libertador;San Agustin;Masculino;56-75 años;Primaria;Vivienda;N/A;Situación económica ;Estabilidad económica;N/A;Revisión caso por caso;N/A;Delcy Rodríguez ;Delcy Rodríguez ;Capaz ;Sí;No;No;No;No;No;No;No;N/A;Fue una salida acordada;N/A;Un callejón sin salida;N/A;Indignación;N/A;N/A;N/A;Interés económico sobre los recursos naturales;No;Solo como mediador;No;Revolución;N/A;Los cambios de la prensiente y aumento de salario ;La continuidad del gobierno actual;Mejorara mucho;70;0;N/A;POINT(-66.9066683 10.494774199999995);;;70
Lía Viera;-668.221.752;10.494.413.199.999.900;2/24/2026;Miranda;Antonio José De Sucre;Leoncio Martínez;Femenino;26-35 años;Universitaria;Poder adquisitvo;N/A;La economía y la salud ;Estabilidad económica;N/A;Revisión caso por caso;N/A;Ninguno ;Ninguno ;N/A;No;No;No;No;No;No;No;No;N/A;Fue una salida acordada;N/A;Un barco a la deriva;N/A;Esperanza;N/A;N/A;N/A;Interés económico sobre los recursos naturales;No;Solo como mediador;No;Socialismo;N/A;Aumento de salarios y dolarización ;Una transición política amplia donde todos coexistan;Mejorara poco;71;0;N/A;POINT(-66.8221752 10.494413199999997);;;71
